[{"reservation":{"isReserved":true,"by":{"checkIn":"2024-01-05T13:11:33.805Z","checkOut":"2024-01-05T13:11:33.805Z"}},"name":"double deluxe","type":"double","price":400,"size":500,"capacity":2,"pets":true,"breakfast":true,"createdAt":"2024-01-05T13:11:33.804Z","featured":true,"description":"Street art edison bulb gluten-free, tofu try-hard lumbersexual brooklyn tattooed pickled chambray. Actually humblebrag next level, deep v art party wolf tofu direct trade readymade sustainable hell of banjo. Organic authentic subway tile cliche palo santo, street art XOXO dreamcatcher retro sriracha portland air plant kitsch stumptown. Austin small batch squid gastropub. Pabst pug tumblr gochujang offal retro cloud bread bushwick semiotics before they sold out sartorial literally mlkshk. Vaporware hashtag vice, sartorial before they sold out pok pok health goth trust fund cray.","extras":["Plush pillows and breathable bed linens","Soft, oversized bath towels","Full-sized, pH-balanced toiletries","Complimentary refreshments","Adequate safety/security","Internet","Comfortable beds"],"active":false,"_id":"6598001f93172f1998cf885b","available":true,"checkIn":"2024-01-05T13:11:33.805Z","checkOut":"2024-01-05T13:11:33.805Z","images":[{"url":"./images/room-8.jpeg","caption":null,"_id":"6598001f93172f1998cf885c"},{"url":"./images/details-2.jpeg","caption":null,"_id":"6598001f93172f1998cf885d"},{"url":"./images/details-3.jpeg","caption":null,"_id":"6598001f93172f1998cf885e"},{"url":"./images/details-4.jpeg","caption":null,"_id":"6598001f93172f1998cf885f"}],"__v":0,"id":"6598001f93172f1998cf885b"},{"reservation":{"isReserved":true,"name":"tibebe","checkIn":"2024-01-05T13:43:33.588Z"},"name":"presidential","type":"presidentialone","price":200,"size":500,"capacity":2,"pets":false,"breakfast":true,"createdAt":"2024-01-05T13:43:33.588Z","featured":true,"description":"Street art edison bulb gluten-free, tofu try-hard lumbersexual brooklyn tattooed pickled chambray. Actually humblebrag next level, deep v art party wolf tofu direct trade readymade sustainable hell of banjo. Organic authentic subway tile cliche palo santo, street art XOXO dreamcatcher retro sriracha portland air plant kitsch stumptown. Austin small batch squid gastropub. Pabst pug tumblr gochujang offal retro cloud bread bushwick semiotics before they sold out sartorial literally mlkshk. Vaporware hashtag vice, sartorial before they sold out pok pok health goth trust fund cray.","extras":["Plush pillows and breathable bed linens","Soft, oversized bath towels","Full-sized, pH-balanced toiletries","Complimentary refreshments","Adequate safety/security","Internet","Comfortable beds"],"active":true,"_id":"6598078a4ee50c1c6c36d845","available":true,"checkIn":"2024-01-05T13:43:33.588Z","checkOut":"2024-01-05T13:43:33.588Z","images":[{"url":"images/room-8.jpeg","caption":null,"_id":"6598078a4ee50c1c6c36d846"},{"url":"./images/details-2.jpeg","caption":null,"_id":"6598078a4ee50c1c6c36d847"},{"url":"./images/details-3.jpeg","caption":null,"_id":"6598078a4ee50c1c6c36d848"},{"url":"./images/details-4.jpeg","caption":null,"_id":"6598078a4ee50c1c6c36d849"}],"__v":0,"id":"6598078a4ee50c1c6c36d845"}]